File,Function,LOC,SLOC-P,SLOC-L,MVG,BLOC,C&SLOC,CLOC,CWORD
C:\Users\Asus\Documents\GitHub\assignment8-taramakesclean\Attribute.cpp,"Attribute::Attribute(std::string aName, DataType aType, uint8_t aSize, bool autoIncr, bool aPrimary)",4,4,4,0,0,0,0,0,
C:\Users\Asus\Documents\GitHub\assignment8-taramakesclean\Attribute.cpp,Attribute::Attribute(DataType aType),3,3,3,0,0,0,0,0,
C:\Users\Asus\Documents\GitHub\assignment8-taramakesclean\Attribute.cpp,Attribute::Attribute(const Attribute &aCopy),4,4,4,0,0,0,0,0,
C:\Users\Asus\Documents\GitHub\assignment8-taramakesclean\Attribute.cpp,Attribute::~Attribute(),1,1,1,0,0,0,0,0,
C:\Users\Asus\Documents\GitHub\assignment8-taramakesclean\Attribute.cpp,Attribute::setName(std::string &aName),1,1,1,0,0,0,0,0,
C:\Users\Asus\Documents\GitHub\assignment8-taramakesclean\Attribute.cpp,Attribute::setType(DataType aType),1,1,1,0,0,0,0,0,
C:\Users\Asus\Documents\GitHub\assignment8-taramakesclean\Attribute.cpp,Attribute::setSize(int aSize),1,1,1,0,0,0,0,0,
C:\Users\Asus\Documents\GitHub\assignment8-taramakesclean\Attribute.cpp,Attribute::setAutoIncrement(bool anAuto),1,1,1,0,0,0,0,0,
C:\Users\Asus\Documents\GitHub\assignment8-taramakesclean\Attribute.cpp,Attribute::setPrimaryKey(bool aPrimary),1,1,1,0,0,0,0,0,
C:\Users\Asus\Documents\GitHub\assignment8-taramakesclean\Attribute.cpp,Attribute::setNullable(bool aNullable),1,1,1,0,0,0,0,0,
C:\Users\Asus\Documents\GitHub\assignment8-taramakesclean\Attribute.cpp,Attribute::isValid(),2,2,2,1,0,0,0,0,
C:\Users\Asus\Documents\GitHub\assignment8-taramakesclean\Attribute.cpp,Attribute::isCompatible(DataType aType) const,13,3,3,2,0,0,10,17,
C:\Users\Asus\Documents\GitHub\assignment8-taramakesclean\Attribute.cpp,Attribute::getSize() const,12,12,7,5,0,0,0,0,
C:\Users\Asus\Documents\GitHub\assignment8-taramakesclean\Attribute.cpp,Attribute::describeTabular(),18,16,17,1,2,2,0,2,
C:\Users\Asus\Documents\GitHub\assignment8-taramakesclean\Attribute.cpp,Attribute::operator==(Attribute& anAttribute),5,5,4,3,0,0,0,0,
C:\Users\Asus\Documents\GitHub\assignment8-taramakesclean\Attribute.cpp,"operator >>(BufferReader& aReader, Attribute &aValue)",14,13,13,1,1,0,0,0,
C:\Users\Asus\Documents\GitHub\assignment8-taramakesclean\Attribute.cpp,"operator <<(BufferWriter& aWriter, const Attribute &aValue)",8,8,3,1,0,0,0,0,
C:\Users\Asus\Documents\GitHub\assignment8-taramakesclean\CommandProcessor.cpp,CommandProcessor::CommandProcessor(IInterpreter *aNext),1,1,1,0,0,0,0,0,
C:\Users\Asus\Documents\GitHub\assignment8-taramakesclean\CommandProcessor.cpp,CommandProcessor::~CommandProcessor(),1,1,1,0,0,0,0,0,
C:\Users\Asus\Documents\GitHub\assignment8-taramakesclean\CommandProcessor.cpp,CommandProcessor::interpret(const Statement &aStatement),11,11,9,4,0,0,0,0,
C:\Users\Asus\Documents\GitHub\assignment8-taramakesclean\CommandProcessor.cpp,CommandProcessor::getStatement(Tokenizer &aTokenizer),15,13,8,4,2,1,0,2,
C:\Users\Asus\Documents\GitHub\assignment8-taramakesclean\CommandProcessor.cpp,CommandProcessor::processInput(Tokenizer &aTokenizer),10,10,9,4,0,0,0,0,
C:\Users\Asus\Documents\GitHub\assignment8-taramakesclean\CommandProcessor.cpp,CommandProcessor::getActiveDatabase(),2,2,2,1,0,0,0,0,
C:\Users\Asus\Documents\GitHub\assignment8-taramakesclean\Database.cpp,"describeBlock(const Block &aBlock, uint32_t aBlockNum)",3,2,2,1,1,0,0,0,
C:\Users\Asus\Documents\GitHub\assignment8-taramakesclean\Database.cpp,"Database::Database(const std::string aName, CreateNewStorage)",1,1,1,0,0,0,0,0,
C:\Users\Asus\Documents\GitHub\assignment8-taramakesclean\Database.cpp,"Database::Database(const std::string aName, OpenExistingStorage)",1,1,1,0,0,0,0,0,
C:\Users\Asus\Documents\GitHub\assignment8-taramakesclean\Database.cpp,Database::~Database(),2,2,2,0,0,0,0,0,
C:\Users\Asus\Documents\GitHub\assignment8-taramakesclean\Database.cpp,Database::getEntity(const std::string &aName),21,18,14,6,1,1,2,15,
C:\Users\Asus\Documents\GitHub\assignment8-taramakesclean\Database.cpp,Database::createTable(Entity *anEntity),11,9,9,1,2,3,0,13,
C:\Users\Asus\Documents\GitHub\assignment8-taramakesclean\Database.cpp,"Database::deleteRows(const std::string &aName, const Filters &aFilters)",27,25,20,9,0,0,2,19,
C:\Users\Asus\Documents\GitHub\assignment8-taramakesclean\Database.cpp,Database::describe(std::ostream &anOutput),6,6,6,2,0,1,0,7,
C:\Users\Asus\Documents\GitHub\assignment8-taramakesclean\Database.cpp,Database::dropTable(const std::string &aName),23,13,13,4,3,1,7,54,
C:\Users\Asus\Documents\GitHub\assignment8-taramakesclean\Database.cpp,"Database::insertRow(const Row &aRow, const std::string &aTableName)",44,33,28,7,2,2,9,130,
C:\Users\Asus\Documents\GitHub\assignment8-taramakesclean\Database.cpp,"Database::selectRows(RowCollection &aCollection, const Entity &anEntity, const Filters &aFilters, const StringList *aFields)",11,6,6,1,1,0,4,37,
C:\Users\Asus\Documents\GitHub\assignment8-taramakesclean\Database.cpp,Database::saveEntities(),11,11,10,3,0,1,0,5,
C:\Users\Asus\Documents\GitHub\assignment8-taramakesclean\Database.cpp,Database::showTables(std::ostream &anOutput),11,6,6,2,3,1,2,27,
C:\Users\Asus\Documents\GitHub\assignment8-taramakesclean\Database.cpp,"Database::updateRow(const Row &aRow, const KeyValues &aKVList, const Entity &anEntity)",26,17,16,4,6,3,3,55,
C:\Users\Asus\Documents\GitHub\assignment8-taramakesclean\Database.cpp,Database::tableExists(const std::string aName),3,2,2,1,0,0,1,7,
C:\Users\Asus\Documents\GitHub\assignment8-taramakesclean\DBManager.cpp,DBManager::DBManager(IInterpreter *aNext),2,2,2,0,0,0,0,0,
C:\Users\Asus\Documents\GitHub\assignment8-taramakesclean\DBManager.cpp,DBManager::~DBManager(),2,2,2,0,0,0,0,0,
C:\Users\Asus\Documents\GitHub\assignment8-taramakesclean\DBManager.cpp,DBManager::releaseDB(),6,6,5,2,0,0,0,0,
C:\Users\Asus\Documents\GitHub\assignment8-taramakesclean\DBManager.cpp,DBManager::getStatement(Tokenizer &aTokenizer),21,21,17,5,0,0,0,0,
C:\Users\Asus\Documents\GitHub\assignment8-taramakesclean\DBManager.cpp,DBManager::loadDatabase(const std::string &aName) const,9,9,8,3,0,0,0,0,
C:\Users\Asus\Documents\GitHub\assignment8-taramakesclean\DBManager.cpp,DBManager::createDatabase(const std::string &aName),27,12,12,3,9,2,6,67,
C:\Users\Asus\Documents\GitHub\assignment8-taramakesclean\DBManager.cpp,DBManager::dropDatabase(const std::string &aName),13,11,12,3,2,0,0,0,
C:\Users\Asus\Documents\GitHub\assignment8-taramakesclean\DBManager.cpp,DBManager::describeDatabase(const std::string &aName) const,7,7,8,3,0,0,0,0,
C:\Users\Asus\Documents\GitHub\assignment8-taramakesclean\DBManager.cpp,DBManager::showDatabases() const,8,7,8,1,1,0,0,0,
C:\Users\Asus\Documents\GitHub\assignment8-taramakesclean\DBManager.cpp,DBManager::useDatabase(const std::string &aName),16,9,10,3,3,0,4,40,
C:\Users\Asus\Documents\GitHub\assignment8-taramakesclean\DBManager.cpp,DBManager::interpret(const Statement &aStatement),2,2,2,1,0,0,0,0,
C:\Users\Asus\Documents\GitHub\assignment8-taramakesclean\Entity.cpp,Entity::hashString(const char *str),6,6,6,2,0,0,0,0,
C:\Users\Asus\Documents\GitHub\assignment8-taramakesclean\Entity.cpp,Entity::getHash(),2,2,2,1,0,0,0,0,
C:\Users\Asus\Documents\GitHub\assignment8-taramakesclean\Entity.cpp,Entity::Entity(std::string aName),2,2,2,0,0,0,0,0,
C:\Users\Asus\Documents\GitHub\assignment8-taramakesclean\Entity.cpp,Entity::Entity(const Entity &aCopy),1,1,1,0,0,1,0,2,
C:\Users\Asus\Documents\GitHub\assignment8-taramakesclean\Entity.cpp,"Entity::Entity(Block &aBlock, uint32_t aBlockNum)",27,17,16,2,4,0,6,62,
C:\Users\Asus\Documents\GitHub\assignment8-taramakesclean\Entity.cpp,Entity::Entity(),1,1,1,0,0,0,0,0,
C:\Users\Asus\Documents\GitHub\assignment8-taramakesclean\Entity.cpp,Entity::~Entity(),4,4,3,1,0,0,0,0,
C:\Users\Asus\Documents\GitHub\assignment8-taramakesclean\Entity.cpp,Entity::getPrimaryKey(),6,6,4,4,0,0,0,0,
C:\Users\Asus\Documents\GitHub\assignment8-taramakesclean\Entity.cpp,Entity::getNextAutoIncrementValue(),3,3,3,1,0,1,0,7,
C:\Users\Asus\Documents\GitHub\assignment8-taramakesclean\Entity.cpp,Entity::each(attribute_callback aCallback) const,4,4,3,1,0,0,0,0,
C:\Users\Asus\Documents\GitHub\assignment8-taramakesclean\Entity.cpp,Entity::markDirty(bool aState),3,3,3,1,0,0,0,0,
C:\Users\Asus\Documents\GitHub\assignment8-taramakesclean\Entity.cpp,"Entity::addAttribute(std::string aName, DataType aType, uint8_t aSize, bool autoIncr)",7,7,7,2,0,1,0,1,
C:\Users\Asus\Documents\GitHub\assignment8-taramakesclean\Entity.cpp,Entity::addAttribute(const Attribute &anAttribute),9,7,7,2,0,0,2,22,
C:\Users\Asus\Documents\GitHub\assignment8-taramakesclean\Entity.cpp,Entity::getAttribute(const std::string &aName),7,7,5,3,0,0,0,0,
C:\Users\Asus\Documents\GitHub\assignment8-taramakesclean\Entity.cpp,Entity::getDefaultValue(const Attribute &anAttribute),4,4,4,1,0,0,0,0,
C:\Users\Asus\Documents\GitHub\assignment8-taramakesclean\Entity.cpp,Entity::operator Block(),17,12,11,3,3,0,2,15,
C:\Users\Asus\Documents\GitHub\assignment8-taramakesclean\Entity.cpp,Entity::validate(const KeyValues &aList),13,13,12,5,0,0,0,0,
C:\Users\Asus\Documents\GitHub\assignment8-taramakesclean\Entity.cpp,"Entity::encodeData(KeyValues &aDataList, Block &aBlock)",4,3,5,1,1,0,0,0,
C:\Users\Asus\Documents\GitHub\assignment8-taramakesclean\Entity.cpp,"inGivenFields(const std::string &aFieldName, const StringList &aFields)",3,3,3,1,0,0,0,0,
C:\Users\Asus\Documents\GitHub\assignment8-taramakesclean\Entity.cpp,"Entity::decodeData(const Block &aBlock, KeyValues &aValuesList, const StringList *aFields) const",6,3,4,1,2,0,1,8,
C:\Users\Asus\Documents\GitHub\assignment8-taramakesclean\Entity.cpp,Entity::loadIndices(Storage &aStorage),19,15,16,3,1,3,3,50,
C:\Users\Asus\Documents\GitHub\assignment8-taramakesclean\Entity.cpp,Entity::writeIndices(Storage &aStorage),17,13,11,4,1,0,3,38,
C:\Users\Asus\Documents\GitHub\assignment8-taramakesclean\Entity.cpp,Entity::dropIndices(Storage &aStorage),5,5,5,2,0,0,0,0,
C:\Users\Asus\Documents\GitHub\assignment8-taramakesclean\Entity.cpp,Entity::getIndex(const std::string &aFieldName),5,5,4,3,0,0,0,0,
C:\Users\Asus\Documents\GitHub\assignment8-taramakesclean\Entity.cpp,Entity::dumpDebug(),2,1,1,0,0,0,1,0,
C:\Users\Asus\Documents\GitHub\assignment8-taramakesclean\EntityDescriptionView.cpp,EntityDescriptionView::EntityDescriptionView(const Entity &anEntity),1,1,1,0,0,0,0,0,
C:\Users\Asus\Documents\GitHub\assignment8-taramakesclean\EntityDescriptionView.cpp,stream(nullptr),1,1,1,0,0,0,0,0,
C:\Users\Asus\Documents\GitHub\assignment8-taramakesclean\EntityDescriptionView.cpp,EntityDescriptionView::show(std::ostream &anOutput),21,13,12,2,6,1,2,30,
C:\Users\Asus\Documents\GitHub\assignment8-taramakesclean\Filters.cpp,Expression::operator()(KeyValues &aList),32,25,16,4,6,0,1,2,
C:\Users\Asus\Documents\GitHub\assignment8-taramakesclean\Filters.cpp,Filters::Filters(),1,1,1,0,0,0,0,0,
C:\Users\Asus\Documents\GitHub\assignment8-taramakesclean\Filters.cpp,Filters::Filters(const Filters &aCopy),1,1,1,0,0,0,0,0,
C:\Users\Asus\Documents\GitHub\assignment8-taramakesclean\Filters.cpp,Filters::~Filters(),4,4,3,1,0,0,0,0,
C:\Users\Asus\Documents\GitHub\assignment8-taramakesclean\Filters.cpp,Filters::getCount() const,1,1,1,0,0,0,0,0,
C:\Users\Asus\Documents\GitHub\assignment8-taramakesclean\Filters.cpp,Filters::add(Expression *anExpression),3,3,3,1,0,0,0,0,
C:\Users\Asus\Documents\GitHub\assignment8-taramakesclean\Filters.cpp,Filters::matches(KeyValues &aList) const,7,7,5,4,0,0,0,0,
C:\Users\Asus\Documents\GitHub\assignment8-taramakesclean\Filters.cpp,Filtered::Filtered(),1,1,1,0,0,0,0,0,
C:\Users\Asus\Documents\GitHub\assignment8-taramakesclean\Filters.cpp,Filtered::~Filtered(),1,1,1,0,0,0,0,0,
C:\Users\Asus\Documents\GitHub\assignment8-taramakesclean\Filters.cpp,isValidOperandType(TokenType aType),8,8,5,2,0,0,0,0,
C:\Users\Asus\Documents\GitHub\assignment8-taramakesclean\Filters.cpp,"parseOperand(Tokenizer &aTokenizer, Entity &anEntity, Operand &anOperand)",21,21,18,2,0,2,0,11,
C:\Users\Asus\Documents\GitHub\assignment8-taramakesclean\Filters.cpp,"validateOperands(Operand &aLHS, Operand &aRHS, Entity &anEntity)",12,12,10,4,0,1,0,3,
C:\Users\Asus\Documents\GitHub\assignment8-taramakesclean\Filters.cpp,"Filtered::parseExpression(Tokenizer &aTokenizer, Entity &anEntity)",30,28,23,7,2,5,0,13,
C:\Users\Asus\Documents\GitHub\assignment8-taramakesclean\Filters.cpp,"Filtered::parseFilters(Tokenizer &aTokenizer, Entity &anEntity)",14,13,11,5,1,1,0,3,
C:\Users\Asus\Documents\GitHub\assignment8-taramakesclean\FolderReader.cpp,"hasExtension(const std::string &aFilename, const char *anExtension)",10,10,8,5,0,0,0,0,
C:\Users\Asus\Documents\GitHub\assignment8-taramakesclean\FolderReader.cpp,FolderReader::factory(const char *aPath),12,12,7,2,0,0,0,0,
C:\Users\Asus\Documents\GitHub\assignment8-taramakesclean\FolderReader.cpp,FolderReader::exists(const std::string &aFilePath),6,6,5,3,0,0,0,0,
C:\Users\Asus\Documents\GitHub\assignment8-taramakesclean\Index.cpp,"Index::writeToStorage(Storage& aStorage, uint32_t startBlockNum)",39,35,32,5,1,7,3,88,
C:\Users\Asus\Documents\GitHub\assignment8-taramakesclean\Index.cpp,Index::dropIndex(Storage &aStorage),5,5,5,2,0,0,0,0,
C:\Users\Asus\Documents\GitHub\assignment8-taramakesclean\Index.cpp,Index::decodeFromBlock(Block& aBlock),23,13,13,2,2,2,8,101,
C:\Users\Asus\Documents\GitHub\assignment8-taramakesclean\Index.cpp,"Index::addKeyValue(const Value &aKey, uint32_t aValue)",6,6,6,2,0,0,0,0,
C:\Users\Asus\Documents\GitHub\assignment8-taramakesclean\Index.cpp,Index::removeKeyValue(const Value &aKey),6,6,5,2,0,0,0,0,
C:\Users\Asus\Documents\GitHub\assignment8-taramakesclean\Index.cpp,Index::addBlockNum(uint32_t theBlockNum),3,3,3,1,0,0,0,0,
C:\Users\Asus\Documents\GitHub\assignment8-taramakesclean\Index.cpp,Index::isDirty(),2,2,2,1,0,0,0,0,
C:\Users\Asus\Documents\GitHub\assignment8-taramakesclean\Index.cpp,Index::contains(const Value &aKey),5,5,4,3,0,0,0,0,
C:\Users\Asus\Documents\GitHub\assignment8-taramakesclean\Index.cpp,Index::getValue(const Value &aKey),5,5,4,3,0,0,0,0,
C:\Users\Asus\Documents\GitHub\assignment8-taramakesclean\Index.cpp,"Index::each(Storage& aStorage, StorageCallback aCallback)",13,12,11,4,1,0,0,0,
C:\Users\Asus\Documents\GitHub\assignment8-taramakesclean\main.cpp,showError(ECE141::StatusResult &aResult),9,9,8,1,0,1,0,2,
C:\Users\Asus\Documents\GitHub\assignment8-taramakesclean\main.cpp,"handleInput(std::istream &aStream, ECE141::IInterpreter &aProcessor)",11,10,8,3,0,2,1,17,
C:\Users\Asus\Documents\GitHub\assignment8-taramakesclean\main.cpp,"main(int argc, const char * argv[])",29,27,22,8,2,0,0,0,
C:\Users\Asus\Documents\GitHub\assignment8-taramakesclean\MemoryStream.cpp,BufferReader::BufferReader(),1,1,1,0,0,0,0,0,
C:\Users\Asus\Documents\GitHub\assignment8-taramakesclean\MemoryStream.cpp,"BufferReader::BufferReader(char* aBuffer, size_t aSize, size_t aMax)",5,5,5,0,0,2,0,7,
C:\Users\Asus\Documents\GitHub\assignment8-taramakesclean\MemoryStream.cpp,BufferReader::close(),3,3,3,0,0,0,0,0,
C:\Users\Asus\Documents\GitHub\assignment8-taramakesclean\MemoryStream.cpp,BufferReader::eof() const,2,2,2,1,0,0,0,0,
C:\Users\Asus\Documents\GitHub\assignment8-taramakesclean\MemoryStream.cpp,BufferReader::getBuffer(),1,1,1,0,0,0,0,0,
C:\Users\Asus\Documents\GitHub\assignment8-taramakesclean\MemoryStream.cpp,BufferReader::tellg(),1,1,1,0,0,0,0,0,
C:\Users\Asus\Documents\GitHub\assignment8-taramakesclean\MemoryStream.cpp,BufferReader::seekg(size_t aPos),5,5,4,2,0,0,0,0,
C:\Users\Asus\Documents\GitHub\assignment8-taramakesclean\MemoryStream.cpp,"BufferReader::seekg(size_t offset, SeekOrientation aWay)",9,9,6,2,0,0,0,0,
C:\Users\Asus\Documents\GitHub\assignment8-taramakesclean\MemoryStream.cpp,"BufferReader::read(char* aPtr, size_t aSize)",10,8,6,2,2,1,0,3,
C:\Users\Asus\Documents\GitHub\assignment8-taramakesclean\MemoryStream.cpp,"BufferReader::read(std::string& str, const unsigned int aSize)",10,7,5,2,3,0,0,0,
C:\Users\Asus\Documents\GitHub\assignment8-taramakesclean\MemoryStream.cpp,"operator >>(BufferReader& istm, bool &aBool)",3,3,3,1,0,0,0,0,
C:\Users\Asus\Documents\GitHub\assignment8-taramakesclean\MemoryStream.cpp,"operator >>(BufferReader& istm, char &aChar)",3,3,3,1,0,0,0,0,
C:\Users\Asus\Documents\GitHub\assignment8-taramakesclean\MemoryStream.cpp,"operator >>(BufferReader& istm, uint8_t &aByte)",3,3,3,1,0,0,0,0,
C:\Users\Asus\Documents\GitHub\assignment8-taramakesclean\MemoryStream.cpp,"operator >>(BufferReader& istm, uint16_t &anInt)",3,3,3,1,0,0,0,0,
C:\Users\Asus\Documents\GitHub\assignment8-taramakesclean\MemoryStream.cpp,"operator >>(BufferReader& istm, uint32_t &anInt)",3,3,3,1,0,0,0,0,
C:\Users\Asus\Documents\GitHub\assignment8-taramakesclean\MemoryStream.cpp,"operator >>(BufferReader& istm, float &aFloat)",3,3,3,1,0,0,0,0,
C:\Users\Asus\Documents\GitHub\assignment8-taramakesclean\MemoryStream.cpp,"operator >>(BufferReader& istm, char *aBuffer)",5,5,6,1,0,0,0,0,
C:\Users\Asus\Documents\GitHub\assignment8-taramakesclean\MemoryStream.cpp,"operator >>(BufferReader& istm, std::string& aString)",11,8,7,3,3,0,0,0,
C:\Users\Asus\Documents\GitHub\assignment8-taramakesclean\MemoryStream.cpp,"BufferWriter::BufferWriter(char* aBuffer, size_t aMax)",2,2,2,0,0,1,0,4,
C:\Users\Asus\Documents\GitHub\assignment8-taramakesclean\MemoryStream.cpp,BufferWriter::close(),4,4,4,1,0,0,0,0,
C:\Users\Asus\Documents\GitHub\assignment8-taramakesclean\MemoryStream.cpp,"BufferWriter::writeCString(const char *aBuffer, size_t aLength)",4,4,4,2,0,0,0,0,
C:\Users\Asus\Documents\GitHub\assignment8-taramakesclean\MemoryStream.cpp,"operator <<(BufferWriter& ostm, const bool aBool)",3,3,3,1,0,0,0,0,
C:\Users\Asus\Documents\GitHub\assignment8-taramakesclean\MemoryStream.cpp,"operator <<(BufferWriter& ostm, const char aChar)",3,3,3,1,0,0,0,0,
C:\Users\Asus\Documents\GitHub\assignment8-taramakesclean\MemoryStream.cpp,"operator <<(BufferWriter& ostm, const uint8_t aByte)",3,3,3,1,0,0,0,0,
C:\Users\Asus\Documents\GitHub\assignment8-taramakesclean\MemoryStream.cpp,"operator <<(BufferWriter& ostm, const uint16_t anInt)",3,3,3,1,0,0,0,0,
C:\Users\Asus\Documents\GitHub\assignment8-taramakesclean\MemoryStream.cpp,"operator <<(BufferWriter& ostm, const uint32_t anInt)",3,3,3,1,0,0,0,0,
C:\Users\Asus\Documents\GitHub\assignment8-taramakesclean\MemoryStream.cpp,"operator <<(BufferWriter& ostm, float aFloat)",3,3,3,1,0,0,0,0,
C:\Users\Asus\Documents\GitHub\assignment8-taramakesclean\MemoryStream.cpp,"operator <<(BufferWriter& ostm, const char *aBuffer)",3,3,3,1,0,0,0,0,
C:\Users\Asus\Documents\GitHub\assignment8-taramakesclean\MemoryStream.cpp,"operator <<(BufferWriter& ostm, const std::string &aString)",3,3,3,1,0,0,0,0,
C:\Users\Asus\Documents\GitHub\assignment8-taramakesclean\RGTokenizer.cpp,RGTokenizer::RGTokenizer(std::istream &anInput),1,1,1,0,0,0,0,0,
C:\Users\Asus\Documents\GitHub\assignment8-taramakesclean\RGTokenizer.cpp,isWhitespace(char aChar),3,3,3,1,0,0,0,0,
C:\Users\Asus\Documents\GitHub\assignment8-taramakesclean\RGTokenizer.cpp,isNumber(char aChar),2,2,2,1,0,0,0,0,
C:\Users\Asus\Documents\GitHub\assignment8-taramakesclean\RGTokenizer.cpp,isAlphaNum(char aChar),2,2,2,1,0,0,0,0,
C:\Users\Asus\Documents\GitHub\assignment8-taramakesclean\RGTokenizer.cpp,isQuote(char aChar),2,2,2,1,0,0,0,0,
C:\Users\Asus\Documents\GitHub\assignment8-taramakesclean\RGTokenizer.cpp,isOperator(char aChar),2,2,2,1,0,0,0,0,
C:\Users\Asus\Documents\GitHub\assignment8-taramakesclean\RGTokenizer.cpp,isSign(char aChar),2,2,2,1,0,0,0,0,
C:\Users\Asus\Documents\GitHub\assignment8-taramakesclean\RGTokenizer.cpp,isPunctuation(char aChar),2,2,2,1,0,0,0,0,
C:\Users\Asus\Documents\GitHub\assignment8-taramakesclean\RGTokenizer.cpp,RGTokenizer::readWhile(callback aCallback),7,7,6,2,0,0,0,0,
C:\Users\Asus\Documents\GitHub\assignment8-taramakesclean\RGTokenizer.cpp,"RGTokenizer::readUntil(callback aCallback, bool addTerminal)",11,11,8,4,0,0,0,0,
C:\Users\Asus\Documents\GitHub\assignment8-taramakesclean\RGTokenizer.cpp,"RGTokenizer::readUntil(char aTerminalChar, bool addTerminal)",15,15,11,5,0,0,0,0,
C:\Users\Asus\Documents\GitHub\assignment8-taramakesclean\RGTokenizer.cpp,RGTokenizer::tokenize(),60,53,43,5,4,2,3,11,
C:\Users\Asus\Documents\GitHub\assignment8-taramakesclean\RGTokenizer.cpp,RGTokenizer::dump(),39,33,17,9,6,0,0,0,
C:\Users\Asus\Documents\GitHub\assignment8-taramakesclean\Row.cpp,Row::Row(int32_t aBlockNumber),1,1,1,0,0,0,0,0,
C:\Users\Asus\Documents\GitHub\assignment8-taramakesclean\Row.cpp,Row::Row(const Row &aCopy),1,1,1,0,0,0,0,0,
C:\Users\Asus\Documents\GitHub\assignment8-taramakesclean\Row.cpp,Row::Row(const Block &aBlock),44,13,13,1,2,0,29,94,
C:\Users\Asus\Documents\GitHub\assignment8-taramakesclean\Row.cpp,Row::Row(KeyValues &aKeyValueList),1,1,1,0,0,0,0,0,
C:\Users\Asus\Documents\GitHub\assignment8-taramakesclean\Row.cpp,Row::~Row(),4,2,2,0,0,0,2,7,
C:\Users\Asus\Documents\GitHub\assignment8-taramakesclean\Row.cpp,"Row::addColumn(const std::string &aString, const Value &aValue)",3,3,3,1,0,0,0,0,
C:\Users\Asus\Documents\GitHub\assignment8-taramakesclean\Row.cpp,Row::setBlockNum(uint32_t aBlockNum),3,3,3,1,0,0,0,0,
C:\Users\Asus\Documents\GitHub\assignment8-taramakesclean\Row.cpp,Row::operator=(const Row &aRow),4,4,4,1,0,0,0,0,
C:\Users\Asus\Documents\GitHub\assignment8-taramakesclean\Row.cpp,Row::operator==(const Row &aCopy),16,14,11,6,2,0,0,0,
C:\Users\Asus\Documents\GitHub\assignment8-taramakesclean\Row.cpp,RowCollection::RowCollection(),1,1,1,0,0,0,0,0,
C:\Users\Asus\Documents\GitHub\assignment8-taramakesclean\Row.cpp,RowCollection::RowCollection(const RowCollection &aCopy),1,1,1,0,0,0,0,0,
C:\Users\Asus\Documents\GitHub\assignment8-taramakesclean\Row.cpp,RowCollection::~RowCollection(),4,4,3,1,0,0,0,0,
C:\Users\Asus\Documents\GitHub\assignment8-taramakesclean\Row.cpp,RowCollection::add(Row* aRow),3,3,3,1,0,0,0,0,
C:\Users\Asus\Documents\GitHub\assignment8-taramakesclean\Row.cpp,"RowCollection::reorder(const PropertyList &anOrder, Entity &anEntity)",20,19,14,4,1,0,0,0,
C:\Users\Asus\Documents\GitHub\assignment8-taramakesclean\SQLInterpreter.cpp,SQLInterpreter::SQLInterpreter(IInterpreter *aNext),1,1,1,0,0,0,0,0,
C:\Users\Asus\Documents\GitHub\assignment8-taramakesclean\SQLInterpreter.cpp,SQLInterpreter::~SQLInterpreter(),1,1,1,0,0,0,0,0,
C:\Users\Asus\Documents\GitHub\assignment8-taramakesclean\SQLInterpreter.cpp,SQLInterpreter::createTable(Entity *anEntity),12,11,10,6,0,0,1,6,
C:\Users\Asus\Documents\GitHub\assignment8-taramakesclean\SQLInterpreter.cpp,"SQLInterpreter::deleteRows(const std::string &aName, const Filters &aFilters)",6,6,6,3,0,0,0,0,
C:\Users\Asus\Documents\GitHub\assignment8-taramakesclean\SQLInterpreter.cpp,"SQLInterpreter::describeTable(const std::string &aName, std::ostream &anOutput)",11,11,12,5,0,0,0,0,
C:\Users\Asus\Documents\GitHub\assignment8-taramakesclean\SQLInterpreter.cpp,SQLInterpreter::dropTable(const std::string &aName),9,9,8,4,0,0,0,0,
C:\Users\Asus\Documents\GitHub\assignment8-taramakesclean\SQLInterpreter.cpp,"SQLInterpreter::insertRow(const Row &aRow, const std::string &aTableName)",5,5,5,3,0,0,0,0,
C:\Users\Asus\Documents\GitHub\assignment8-taramakesclean\SQLInterpreter.cpp,"SQLInterpreter::selectRows(const std::string &aName, const Filters &aFilters, const PropertyList &anOrderBy)",16,16,13,6,0,0,0,0,
C:\Users\Asus\Documents\GitHub\assignment8-taramakesclean\SQLInterpreter.cpp,"SQLInterpreter::updateRows(const std::string &aName, const KeyValues &aKeyValues, const Filters &aFilters)",15,15,12,6,0,0,0,0,
C:\Users\Asus\Documents\GitHub\assignment8-taramakesclean\SQLInterpreter.cpp,SQLInterpreter::showTables(),5,5,5,3,0,0,0,0,
C:\Users\Asus\Documents\GitHub\assignment8-taramakesclean\SQLInterpreter.cpp,SQLInterpreter::interpret(const Statement &aStatement),2,2,2,1,0,0,0,0,
C:\Users\Asus\Documents\GitHub\assignment8-taramakesclean\SQLInterpreter.cpp,SQLInterpreter::getStatement(Tokenizer &aTokenizer),24,24,20,5,0,0,0,0,
C:\Users\Asus\Documents\GitHub\assignment8-taramakesclean\SQLStatement.cpp,"skipIf(Tokenizer &aTokenizer, Keywords aKeyword)",6,6,5,3,0,1,0,3,
C:\Users\Asus\Documents\GitHub\assignment8-taramakesclean\SQLStatement.cpp,"skipIf(Tokenizer &aTokenizer, TokenType aTokenType)",6,6,5,3,0,1,0,3,
C:\Users\Asus\Documents\GitHub\assignment8-taramakesclean\SQLStatement.cpp,"SQLStatement::SQLStatement(SQLInterpreter &anInterpreter, Keywords aStatementType)",1,1,1,0,0,0,0,0,
C:\Users\Asus\Documents\GitHub\assignment8-taramakesclean\SQLStatement.cpp,SQLStatement::parse(Tokenizer &aTokenizer),1,1,2,0,0,0,0,0,
C:\Users\Asus\Documents\GitHub\assignment8-taramakesclean\SQLStatement.cpp,SQLStatement::run(std::ostream &aStream),1,1,2,0,0,0,0,0,
C:\Users\Asus\Documents\GitHub\assignment8-taramakesclean\SQLStatement.cpp,"SQLStatement::parseIdentifierList(StringList &aList, Tokenizer &aTokenizer)",16,15,13,4,1,1,0,2,
C:\Users\Asus\Documents\GitHub\assignment8-taramakesclean\SQLStatement.cpp,"SQLStatement::parseValueList(StringList &aList, Tokenizer &aTokenizer)",16,15,13,4,1,1,0,2,
C:\Users\Asus\Documents\GitHub\assignment8-taramakesclean\SQLStatement.cpp,"SQLStatement::parseIdValueList(KeyValues &aList, Tokenizer &aTokenizer)",22,21,18,5,1,3,0,9,
C:\Users\Asus\Documents\GitHub\assignment8-taramakesclean\SQLStatement.cpp,CreateTableStatement::CreateTableStatement(SQLInterpreter &anInterpreter),1,1,1,0,0,0,0,0,
C:\Users\Asus\Documents\GitHub\assignment8-taramakesclean\SQLStatement.cpp,"parseVarcharSize(Attribute &anAttribute, Tokenizer &aTokenizer)",15,15,14,5,0,1,0,5,
C:\Users\Asus\Documents\GitHub\assignment8-taramakesclean\SQLStatement.cpp,"CreateTableStatement::parseAttributeOptions(Attribute &anAttribute, Tokenizer &aTokenizer)",41,38,27,10,3,3,0,5,
C:\Users\Asus\Documents\GitHub\assignment8-taramakesclean\SQLStatement.cpp,"CreateTableStatement::parseAttribute(Attribute &anAttribute, Tokenizer &aTokenizer)",26,22,18,6,4,3,0,3,
C:\Users\Asus\Documents\GitHub\assignment8-taramakesclean\SQLStatement.cpp,CreateTableStatement::parseAttributes(Tokenizer &aTokenizer),18,16,15,4,2,3,0,11,
C:\Users\Asus\Documents\GitHub\assignment8-taramakesclean\SQLStatement.cpp,CreateTableStatement::parse(Tokenizer &aTokenizer),18,16,14,7,1,4,1,22,
C:\Users\Asus\Documents\GitHub\assignment8-taramakesclean\SQLStatement.cpp,CreateTableStatement::run(std::ostream &aStream) const,7,6,5,2,0,1,1,11,
C:\Users\Asus\Documents\GitHub\assignment8-taramakesclean\SQLStatement.cpp,DeleteStatement::DeleteStatement(SQLInterpreter &anInterpreter),1,1,1,0,0,0,0,0,
C:\Users\Asus\Documents\GitHub\assignment8-taramakesclean\SQLStatement.cpp,DeleteStatement::parse(Tokenizer &aTokenizer),41,34,26,12,7,6,0,19,
C:\Users\Asus\Documents\GitHub\assignment8-taramakesclean\SQLStatement.cpp,DeleteStatement::run(std::ostream &aStream) const,2,2,2,1,0,0,0,0,
C:\Users\Asus\Documents\GitHub\assignment8-taramakesclean\SQLStatement.cpp,DescribeStatement::DescribeStatement(SQLInterpreter &anInterpreter),1,1,1,0,0,0,0,0,
C:\Users\Asus\Documents\GitHub\assignment8-taramakesclean\SQLStatement.cpp,DescribeStatement::parse(Tokenizer &aTokenizer),10,10,10,4,0,3,0,12,
C:\Users\Asus\Documents\GitHub\assignment8-taramakesclean\SQLStatement.cpp,DescribeStatement::run(std::ostream &aStream) const,2,2,2,1,0,0,0,0,
C:\Users\Asus\Documents\GitHub\assignment8-taramakesclean\SQLStatement.cpp,DropTableStatement::DropTableStatement(SQLInterpreter &anInterpreter),1,1,1,0,0,0,0,0,
C:\Users\Asus\Documents\GitHub\assignment8-taramakesclean\SQLStatement.cpp,DropTableStatement::parse(Tokenizer &aTokenizer),13,13,12,5,0,4,0,16,
C:\Users\Asus\Documents\GitHub\assignment8-taramakesclean\SQLStatement.cpp,DropTableStatement::run(std::ostream &aStream) const,2,2,2,1,0,0,0,0,
C:\Users\Asus\Documents\GitHub\assignment8-taramakesclean\SQLStatement.cpp,"createRow(InsertStatement &aStatement, std::map<std::string,std::string> &aKVList, Entity &anEntity)",23,16,15,3,5,1,2,27,
C:\Users\Asus\Documents\GitHub\assignment8-taramakesclean\SQLStatement.cpp,InsertStatement::InsertStatement(SQLInterpreter &anInterpreter),1,1,1,0,0,0,0,0,
C:\Users\Asus\Documents\GitHub\assignment8-taramakesclean\SQLStatement.cpp,"InsertStatement::makeRowsFromValueLists(Tokenizer &aTokenizer, Entity &anEntity, StringList &aFields)",24,18,16,5,5,2,1,14,
C:\Users\Asus\Documents\GitHub\assignment8-taramakesclean\SQLStatement.cpp,InsertStatement::parse(Tokenizer &aTokenizer),34,29,23,10,5,4,0,21,
C:\Users\Asus\Documents\GitHub\assignment8-taramakesclean\SQLStatement.cpp,InsertStatement::run(std::ostream &aStream) const,7,7,7,3,0,0,0,0,
C:\Users\Asus\Documents\GitHub\assignment8-taramakesclean\SQLStatement.cpp,SelectStatement::SelectStatement(SQLInterpreter &anInterpreter),1,1,1,0,0,0,0,0,
C:\Users\Asus\Documents\GitHub\assignment8-taramakesclean\SQLStatement.cpp,"SelectStatement::parseFields(Attribute &anAttribute, Tokenizer &aTokenizer)",3,3,3,1,0,0,0,0,
C:\Users\Asus\Documents\GitHub\assignment8-taramakesclean\SQLStatement.cpp,SelectStatement::parseValues(Tokenizer &aTokenizer),3,3,3,1,0,0,0,0,
C:\Users\Asus\Documents\GitHub\assignment8-taramakesclean\SQLStatement.cpp,SelectStatement::parseGroupBy(Tokenizer &aTokenizer),18,17,14,6,0,1,1,7,
C:\Users\Asus\Documents\GitHub\assignment8-taramakesclean\SQLStatement.cpp,SelectStatement::parseOrderBy(Tokenizer &aTokenizer),19,19,16,6,0,2,0,4,
C:\Users\Asus\Documents\GitHub\assignment8-taramakesclean\SQLStatement.cpp,SelectStatement::parse(Tokenizer &aTokenizer),68,55,40,19,11,7,2,41,
C:\Users\Asus\Documents\GitHub\assignment8-taramakesclean\SQLStatement.cpp,SelectStatement::run(std::ostream &aStream) const,2,2,2,1,0,0,0,0,
C:\Users\Asus\Documents\GitHub\assignment8-taramakesclean\SQLStatement.cpp,ShowTablesStatement::ShowTablesStatement(SQLInterpreter &anInterpreter),1,1,1,0,0,0,0,0,
C:\Users\Asus\Documents\GitHub\assignment8-taramakesclean\SQLStatement.cpp,ShowTablesStatement::parse(Tokenizer &aTokenizer),9,9,9,4,0,2,0,5,
C:\Users\Asus\Documents\GitHub\assignment8-taramakesclean\SQLStatement.cpp,ShowTablesStatement::run(std::ostream &aStream) const,2,2,2,1,0,0,0,0,
C:\Users\Asus\Documents\GitHub\assignment8-taramakesclean\SQLStatement.cpp,UpdateStatement::UpdateStatement(SQLInterpreter &anInterpreter),1,1,1,0,0,0,0,0,
C:\Users\Asus\Documents\GitHub\assignment8-taramakesclean\SQLStatement.cpp,UpdateStatement::parseFields(Tokenizer &aTokenizer),3,3,3,1,0,0,0,0,
C:\Users\Asus\Documents\GitHub\assignment8-taramakesclean\SQLStatement.cpp,UpdateStatement::parse(Tokenizer &aTokenizer),32,28,20,9,4,5,0,16,
C:\Users\Asus\Documents\GitHub\assignment8-taramakesclean\Statement.cpp,Statement::Statement(Keywords aStatementType),1,1,1,0,0,0,0,0,
C:\Users\Asus\Documents\GitHub\assignment8-taramakesclean\Statement.cpp,Statement::Statement(const Statement &aCopy),1,1,1,0,0,0,0,0,
C:\Users\Asus\Documents\GitHub\assignment8-taramakesclean\Statement.cpp,Statement::~Statement(),1,1,1,0,0,0,0,0,
C:\Users\Asus\Documents\GitHub\assignment8-taramakesclean\Statement.cpp,Statement::parse(Tokenizer &aTokenizer),2,2,3,1,0,0,0,0,
C:\Users\Asus\Documents\GitHub\assignment8-taramakesclean\Statement.cpp,Statement::run(std::ostream &aStream) const,3,2,2,1,0,0,1,2,
C:\Users\Asus\Documents\GitHub\assignment8-taramakesclean\Storage.cpp,BlockCache::contains(uint32_t aBlockNum),8,8,6,2,0,0,0,0,
C:\Users\Asus\Documents\GitHub\assignment8-taramakesclean\Storage.cpp,BlockCache::get(uint32_t aBlockNum),2,2,2,1,0,0,0,0,
C:\Users\Asus\Documents\GitHub\assignment8-taramakesclean\Storage.cpp,"BlockCache::put(uint32_t aBlockNum, const Block &aBlock)",18,17,14,3,0,3,1,14,
C:\Users\Asus\Documents\GitHub\assignment8-taramakesclean\Storage.cpp,"write(Block &aBlock, std::fstream &aStream)",6,6,7,3,0,0,0,0,
C:\Users\Asus\Documents\GitHub\assignment8-taramakesclean\Storage.cpp,"BlockIO::readBlock(uint32_t aBlockNumber, Block &aBlock)",6,6,6,3,0,0,0,0,
C:\Users\Asus\Documents\GitHub\assignment8-taramakesclean\Storage.cpp,"BlockIO::writeBlock(uint32_t aBlockNumber, Block &aBlock)",4,4,4,1,0,1,0,5,
C:\Users\Asus\Documents\GitHub\assignment8-taramakesclean\Storage.cpp,"CachedBlockIO::readBlock(uint32_t aBlockNumber, Block &aBlock)",11,11,10,3,0,0,0,0,
C:\Users\Asus\Documents\GitHub\assignment8-taramakesclean\Storage.cpp,"CachedBlockIO::writeBlock(uint32_t aBlockNumber, Block &aBlock)",3,3,3,1,0,0,0,0,
C:\Users\Asus\Documents\GitHub\assignment8-taramakesclean\Storage.cpp,Storage::getDefaultStoragePath(),2,2,2,1,0,0,0,0,
C:\Users\Asus\Documents\GitHub\assignment8-taramakesclean\Storage.cpp,Storage::getDatabasePath(const std::string &aDBName),4,4,4,1,0,0,0,0,
C:\Users\Asus\Documents\GitHub\assignment8-taramakesclean\Storage.cpp,"Storage::Storage(const std::string aName, CreateNewStorage)",3,3,3,1,0,1,0,8,
C:\Users\Asus\Documents\GitHub\assignment8-taramakesclean\Storage.cpp,"Storage::Storage(const std::string aName, OpenExistingStorage)",10,10,8,2,0,1,0,6,
C:\Users\Asus\Documents\GitHub\assignment8-taramakesclean\Storage.cpp,Storage::~Storage(),3,3,3,0,0,0,0,0,
C:\Users\Asus\Documents\GitHub\assignment8-taramakesclean\Storage.cpp,Storage::loadTOC(),7,3,3,1,2,1,2,30,
C:\Users\Asus\Documents\GitHub\assignment8-taramakesclean\Storage.cpp,Storage::setupEmptyStorage(),4,2,2,1,0,0,2,27,
C:\Users\Asus\Documents\GitHub\assignment8-taramakesclean\Storage.cpp,Storage::makeEmpty(),10,10,10,3,0,1,0,5,
C:\Users\Asus\Documents\GitHub\assignment8-taramakesclean\Storage.cpp,Storage::isReady() const,2,2,2,1,0,0,0,0,
C:\Users\Asus\Documents\GitHub\assignment8-taramakesclean\Storage.cpp,Storage::getTotalBlockCount(),5,5,5,1,0,1,0,6,
C:\Users\Asus\Documents\GitHub\assignment8-taramakesclean\Storage.cpp,Storage::findFreeBlockNum(),16,13,14,5,2,1,1,20,
C:\Users\Asus\Documents\GitHub\assignment8-taramakesclean\Storage.cpp,Storage::addBlock(Block &aBlock),10,8,7,3,2,2,0,6,
C:\Users\Asus\Documents\GitHub\assignment8-taramakesclean\Storage.cpp,Storage::releaseBlock(int aBlockNumber),6,6,6,1,0,2,0,11,
C:\Users\Asus\Documents\GitHub\assignment8-taramakesclean\Storage.cpp,"Storage::addEntity(const std::string &aName, Block &aBlock)",21,17,13,2,3,1,1,8,
C:\Users\Asus\Documents\GitHub\assignment8-taramakesclean\Storage.cpp,"findIndexOfEntityInTOC(const PersistEntities &aList, const std::string &aName)",7,7,5,4,0,0,0,0,
C:\Users\Asus\Documents\GitHub\assignment8-taramakesclean\Storage.cpp,Storage::findEntityInTOC(const std::string &aName),3,3,3,1,0,0,0,0,
C:\Users\Asus\Documents\GitHub\assignment8-taramakesclean\Storage.cpp,Storage::dropEntity(const std::string &aName),19,14,14,4,2,3,3,45,
C:\Users\Asus\Documents\GitHub\assignment8-taramakesclean\Storage.cpp,Storage::eachBlock(StorageCallback aCallback),14,13,12,4,1,0,0,0,
C:\Users\Asus\Documents\GitHub\assignment8-taramakesclean\Tokenizer.cpp,Tokenizer::Tokenizer(std::istream &anInput),1,1,1,0,0,0,0,0,
C:\Users\Asus\Documents\GitHub\assignment8-taramakesclean\Tokenizer.cpp,Tokenizer::tokenize(),3,3,3,1,0,0,0,0,
C:\Users\Asus\Documents\GitHub\assignment8-taramakesclean\Tokenizer.cpp,Tokenizer::tokenAt(int anOffset),3,3,3,1,0,0,0,0,
C:\Users\Asus\Documents\GitHub\assignment8-taramakesclean\Tokenizer.cpp,Tokenizer::next(int anOffset),6,6,5,3,0,0,0,0,
C:\Users\Asus\Documents\GitHub\assignment8-taramakesclean\Tokenizer.cpp,Tokenizer::current(),2,2,2,1,0,0,0,0,
C:\Users\Asus\Documents\GitHub\assignment8-taramakesclean\Tokenizer.cpp,Tokenizer::peek(int anOffset),2,2,2,1,0,0,0,0,
C:\Users\Asus\Documents\GitHub\assignment8-taramakesclean\Value.cpp,Value::operator=(Value& aValue),13,12,11,3,0,1,1,3,
C:\Users\Asus\Documents\GitHub\assignment8-taramakesclean\Value.cpp,Value::operator=(int aValue),10,10,8,2,0,0,0,0,
C:\Users\Asus\Documents\GitHub\assignment8-taramakesclean\Value.cpp,Value::operator=(double aValue),4,4,4,1,0,0,0,0,
C:\Users\Asus\Documents\GitHub\assignment8-taramakesclean\Value.cpp,Value::operator=(float aValue),4,4,4,1,0,0,0,0,
C:\Users\Asus\Documents\GitHub\assignment8-taramakesclean\Value.cpp,Value::operator=(std::string aValue),4,4,4,1,0,0,0,0,
C:\Users\Asus\Documents\GitHub\assignment8-taramakesclean\Value.cpp,Value::operator=(char* aValue),4,4,4,1,0,0,0,0,
C:\Users\Asus\Documents\GitHub\assignment8-taramakesclean\Value.cpp,Value::operator=(const char* aValue),4,4,4,1,0,0,0,0,
C:\Users\Asus\Documents\GitHub\assignment8-taramakesclean\Value.cpp,Value::operator=(bool aValue),4,4,4,1,0,0,0,0,
C:\Users\Asus\Documents\GitHub\assignment8-taramakesclean\Value.cpp,Value::operator==(const Value& aValue) const,12,12,10,3,0,0,0,0,
C:\Users\Asus\Documents\GitHub\assignment8-taramakesclean\Value.cpp,Value::operator<=(const Value& aValue) const,12,12,10,3,0,0,0,0,
C:\Users\Asus\Documents\GitHub\assignment8-taramakesclean\Value.cpp,Value::operator>=(const Value& aValue) const,12,12,10,3,0,0,0,0,
C:\Users\Asus\Documents\GitHub\assignment8-taramakesclean\Value.cpp,Value::operator>(const Value& aValue) const,12,12,10,3,0,0,0,0,
C:\Users\Asus\Documents\GitHub\assignment8-taramakesclean\Value.cpp,Value::operator<(const Value& aValue) const,12,12,10,3,0,0,0,0,
C:\Users\Asus\Documents\GitHub\assignment8-taramakesclean\Value.cpp,Value::operator bool(),9,9,8,1,0,1,0,6,
C:\Users\Asus\Documents\GitHub\assignment8-taramakesclean\Value.cpp,Value::operator int(),10,10,9,1,0,0,0,0,
C:\Users\Asus\Documents\GitHub\assignment8-taramakesclean\Value.cpp,Value::operator uint32_t(),10,10,9,1,0,0,0,0,
C:\Users\Asus\Documents\GitHub\assignment8-taramakesclean\Value.cpp,Value::operator double(),10,10,9,1,0,0,0,0,
C:\Users\Asus\Documents\GitHub\assignment8-taramakesclean\Value.cpp,Value::operator float(),10,10,9,1,0,0,0,0,
C:\Users\Asus\Documents\GitHub\assignment8-taramakesclean\Value.cpp,Value::operator std::string(),5,4,3,1,0,0,1,5,
C:\Users\Asus\Documents\GitHub\assignment8-taramakesclean\Value.cpp,Value::operator char*(),5,4,3,1,0,0,1,5,
C:\Users\Asus\Documents\GitHub\assignment8-taramakesclean\Value.cpp,char*(),5,4,3,1,0,0,1,5,
C:\Users\Asus\Documents\GitHub\assignment8-taramakesclean\Value.cpp,Value::become(DataType aType),25,20,23,4,5,2,0,12,
C:\Users\Asus\Documents\GitHub\assignment8-taramakesclean\Value.cpp,Value::getType(),2,2,2,1,0,0,0,0,
C:\Users\Asus\Documents\GitHub\assignment8-taramakesclean\Value.cpp,Value::getString(),9,9,8,1,0,1,0,2,
C:\Users\Asus\Documents\GitHub\assignment8-taramakesclean\Value.cpp,Value::getSize(),10,10,9,2,0,1,0,2,
C:\Users\Asus\Documents\GitHub\assignment8-taramakesclean\Value.cpp,Value::debugDump(std::ostream &anOutput),15,15,14,2,0,0,0,0,
